<?xml version="1.0" encoding="UTF-8"?>
<project-private xmlns="http://www.netbeans.org/ns/project-private/1">
    <editor-bookmarks xmlns="http://www.netbeans.org/ns/editor-bookmarks/2" lastBookmarkId="0"/>
    <open-files xmlns="http://www.netbeans.org/ns/projectui-open-files/2">
        <group>
            <file>file:/C:/Users/satwi/OneDrive/Documents/NetBeansProjects/Library_Management_System/src/Kleinmond_public_library_interior_1530081460.JPG</file>
            <file>file:/C:/Users/satwi/OneDrive/Documents/NetBeansProjects/Library_Management_System/src/Insert_publisher.java</file>
            <file>file:/C:/Users/satwi/OneDrive/Documents/NetBeansProjects/Library_Management_System/src/books2.jpg</file>
            <file>file:/C:/Users/satwi/OneDrive/Documents/NetBeansProjects/Library_Management_System/src/321226.jpg</file>
            <file>file:/C:/Users/satwi/OneDrive/Documents/NetBeansProjects/Library_Management_System/src/Update_books.java</file>
            <file>file:/C:/Users/satwi/OneDrive/Documents/NetBeansProjects/Library_Management_System/src/1_.jpg</file>
            <file>file:/C:/Users/satwi/OneDrive/Documents/NetBeansProjects/Library_Management_System/src/Insert_books.java</file>
            <file>file:/C:/Users/satwi/OneDrive/Documents/NetBeansProjects/Library_Management_System/src/Search_publishers11.java</file>
            <file>file:/C:/Users/satwi/OneDrive/Documents/NetBeansProjects/Library_Management_System/src/View_publishers1.java</file>
            <file>file:/C:/Users/satwi/OneDrive/Documents/NetBeansProjects/Library_Management_System/src/12438261-writing-a-java-library-at-2-am.jpeg</file>
            <file>file:/C:/Users/satwi/OneDrive/Documents/NetBeansProjects/Library_Management_System/src/58111942-education-concept-with-icon-design-vector-illustration-graphic-books-and-search.jpg</file>
            <file>file:/C:/Users/satwi/OneDrive/Documents/NetBeansProjects/Library_Management_System/src/Delete_transaction.java</file>
            <file>file:/C:/Users/satwi/OneDrive/Documents/NetBeansProjects/Library_Management_System/src/Welcome.java</file>
            <file>file:/C:/Users/satwi/OneDrive/Documents/NetBeansProjects/Library_Management_System/src/559404-istock-512966920_0.png</file>
            <file>file:/C:/Users/satwi/OneDrive/Documents/NetBeansProjects/Library_Management_System/src/View_books1.java</file>
            <file>file:/C:/Users/satwi/OneDrive/Documents/NetBeansProjects/Library_Management_System/src/Insert_member.java</file>
            <file>file:/C:/Users/satwi/OneDrive/Documents/NetBeansProjects/Library_Management_System/src/0000-removebg-preview.png</file>
            <file>file:/C:/Users/satwi/OneDrive/Documents/NetBeansProjects/Library_Management_System/src/about-us.png</file>
            <file>file:/C:/Users/satwi/OneDrive/Documents/NetBeansProjects/Library_Management_System/src/5d8bc9e19e2be151043293.gif</file>
            <file>file:/C:/Users/satwi/OneDrive/Documents/NetBeansProjects/Library_Management_System/src/cb9af692142c8e5e21739255d71d105b.jpg</file>
            <file>file:/C:/Users/satwi/OneDrive/Documents/NetBeansProjects/Library_Management_System/src/photo-1481627834876-b7833e8f5570%20(2).jpg</file>
            <file>file:/C:/Users/satwi/OneDrive/Documents/NetBeansProjects/Library_Management_System/src/OrdinaryTallAfricangroundhornbill-small.jpg</file>
            <file>file:/C:/Users/satwi/OneDrive/Documents/NetBeansProjects/Library_Management_System/src/Homepage.java</file>
            <file>file:/C:/Users/satwi/OneDrive/Documents/NetBeansProjects/Library_Management_System/src/Delete_Books_.java</file>
            <file>file:/C:/Users/satwi/OneDrive/Documents/NetBeansProjects/Library_Management_System/src/Login.java</file>
            <file>file:/C:/Users/satwi/OneDrive/Documents/NetBeansProjects/Library_Management_System/src/Insert_transaction.java</file>
            <file>file:/C:/Users/satwi/OneDrive/Documents/NetBeansProjects/Library_Management_System/src/Delete_members.java</file>
            <file>file:/C:/Users/satwi/OneDrive/Documents/NetBeansProjects/Library_Management_System/src/0-removebg-preview.png</file>
            <file>file:/C:/Users/satwi/OneDrive/Documents/NetBeansProjects/Library_Management_System/src/findBookIcon.png</file>
            <file>file:/C:/Users/satwi/OneDrive/Documents/NetBeansProjects/Library_Management_System/src/passage-library-bookcases_23-2147845927.jpg</file>
            <file>file:/C:/Users/satwi/OneDrive/Documents/NetBeansProjects/Library_Management_System/src/book-issue.jpg</file>
            <file>file:/C:/Users/satwi/OneDrive/Documents/NetBeansProjects/Library_Management_System/src/000-removebg-preview%20(2).png</file>
            <file>file:/C:/Users/satwi/OneDrive/Documents/NetBeansProjects/Library_Management_System/src/Update_member.java</file>
            <file>file:/C:/Users/satwi/OneDrive/Documents/NetBeansProjects/Library_Management_System/src/login%202.png</file>
            <file>file:/C:/Users/satwi/OneDrive/Documents/NetBeansProjects/Library_Management_System/src/Library_img.jpg</file>
            <file>file:/C:/Users/satwi/OneDrive/Documents/NetBeansProjects/Library_Management_System/src/Search_publishers.java</file>
            <file>file:/C:/Users/satwi/OneDrive/Documents/NetBeansProjects/Library_Management_System/src/Search_transaction.java</file>
            <file>file:/C:/Users/satwi/OneDrive/Documents/NetBeansProjects/Library_Management_System/src/WhatsApp%20Image%202019-09-27%20at%201.07.16%20AM.jpeg</file>
            <file>file:/C:/Users/satwi/OneDrive/Documents/NetBeansProjects/Library_Management_System/src/giphy.gif</file>
            <file>file:/C:/Users/satwi/OneDrive/Documents/NetBeansProjects/Library_Management_System/src/Update_publishers.java</file>
            <file>file:/C:/Users/satwi/OneDrive/Documents/NetBeansProjects/Library_Management_System/src/IMG_0803.jpg</file>
            <file>file:/C:/Users/satwi/OneDrive/Documents/NetBeansProjects/Library_Management_System/src/View_books.java</file>
            <file>file:/C:/Users/satwi/OneDrive/Documents/NetBeansProjects/Library_Management_System/src/photo-1481627834876-b7833e8f5570.jpg</file>
            <file>file:/C:/Users/satwi/OneDrive/Documents/NetBeansProjects/Library_Management_System/src/View_members.java</file>
            <file>file:/C:/Users/satwi/OneDrive/Documents/NetBeansProjects/Library_Management_System/src/spav_library.jpg</file>
            <file>file:/C:/Users/satwi/OneDrive/Documents/NetBeansProjects/Library_Management_System/src/1024x400%20slider%20Cafe%20at%20FML.png</file>
            <file>file:/C:/Users/satwi/OneDrive/Documents/NetBeansProjects/Library_Management_System/src/Search_books1.java</file>
            <file>file:/C:/Users/satwi/OneDrive/Documents/NetBeansProjects/Library_Management_System/src/books%20publishers.jpg</file>
            <file>file:/C:/Users/satwi/OneDrive/Documents/NetBeansProjects/Library_Management_System/src/332-3325840_admin-png-admin-icon.png.jpg</file>
            <file>file:/C:/Users/satwi/OneDrive/Documents/NetBeansProjects/Library_Management_System/src/Search_books.java</file>
            <file>file:/C:/Users/satwi/OneDrive/Documents/NetBeansProjects/Library_Management_System/src/Update_transaction.java</file>
            <file>file:/C:/Users/satwi/OneDrive/Documents/NetBeansProjects/Library_Management_System/src/View_transaction.java</file>
            <file>file:/C:/Users/satwi/OneDrive/Documents/NetBeansProjects/Library_Management_System/src/e14ba967641d3963dc08bb3688ae3c80.jpeg</file>
        </group>
    </open-files>
</project-private>
